{
    "ETH": {
        "epsilon+": 0.2446808510639846,
        "epsilon-": -0.01904761904753676
    }
}