{
    "ETH": {
        "epsilon+": 0.07000000000002729,
        "epsilon-": 0.04285714285729877
    }
}