{
    "ETH": {
        "kappa+": 8.54373712363063,
        "kappa-": 4.195726955538045
    }
}