{
    "ETH": {
        "kappa+": 0.1338982964564806,
        "kappa-": 2.8495745488969884
    }
}