{
    "ETH": {
        "kappa+": 0.9204896430967487,
        "kappa-": 1.617169315446498
    }
}