{
    "ETH": {
        "lambda+": 1.714453926589073,
        "lambda-": 1.8984678150241092,
        "unit": "trades_per_second"
    }
}