{
    "ETH": {
        "lambda+": 0.4988921443571321,
        "lambda-": 0.32805627956867267,
        "unit": "trades_per_second"
    }
}