{
    "ETH": {
        "lambda+": 0.032246866861907766,
        "lambda-": 0.044444257321777425,
        "unit": "trades_per_second"
    }
}