{
    "ETH": {
        "lambda+": 0.36418718893812874,
        "lambda-": 0.17005047555026997,
        "unit": "trades_per_second"
    }
}