{
    "ETH": {
        "epsilon+": 0.11869565217419854,
        "epsilon-": 0.28965517241381195
    }
}