{
    "BTC": {
        "epsilon+": 3.252164502164502,
        "epsilon-": 8.645572916666667
    },
    "ETH": {
        "epsilon+": 0.15590034965038813,
        "epsilon-": 0.5748082357691284
    },
    "SOL": {
        "epsilon+": 0.007210839391933861,
        "epsilon-": 0.022550135501355362
    },
    "WLFI": {
        "epsilon+": 4.14931087289428e-05,
        "epsilon-": 0.00018095796281325345
    }
}