{
    "ETH": {
        "kappa+": 1.2214749232842055,
        "kappa-": 1.8904104208735422
    }
}