{
    "ETH": {
        "kappa+": 0.9414443451542474,
        "kappa-": 1.6297840872347975
    }
}