{
    "BTC": {
        "kappa+": 0.13330735935043103,
        "kappa-": 0.08351395991229915
    },
    "ETH": {
        "kappa+": 1.6436699593646247,
        "kappa-": 2.2288902563875337
    },
    "WLFI": {
        "kappa+": 2680.652196093932,
        "kappa-": 3159.827717038417
    },
    "SOL": {
        "kappa+": 35.383444126428344,
        "kappa-": 36.99832374401166
    }
}