{
    "ETH": {
        "kappa+": 6.520930282794536,
        "kappa-": 7.0801303015658315
    }
}