{
    "WLFI": {
        "lambda+": 148.9217773434432,
        "lambda-": 207.35368082018354
    },
    "BTC": {
        "lambda+": 52.02175705945498,
        "lambda-": 61.62577374735436
    },
    "ETH": {
        "lambda+": 93.40773073515474,
        "lambda-": 110.27579345891931
    },
    "SOL": {
        "lambda+": 33.03581652948061,
        "lambda-": 31.765208201423665
    }
}