{
    "ETH": {
        "lambda+": 0.52732551192675,
        "lambda-": 0.33520652512003785,
        "unit": "trades_per_second"
    }
}