{
    "ETH": {
        "lambda+": 0.2985205258157272,
        "lambda-": 0.19954703602768645,
        "unit": "trades_per_second"
    }
}